USE album_genresDB;

INSERT INTO ROCK (position, artist, album, date, info, like_artists)
VALUES
	(1, "Elvis", "Elvis’ Golden Records" , "March 21 1958", "dummy", "dummy info"  ),
	(2, "Beatles", "St Peppers Lonely Heart’s Club Band", "May 26 1967", "dummy", "dummy info" ),
	(3, "Rolling Stones" , "Beggars Banquet" , "December 06 1968", "dummy", "dummy info"  ),
	(4, "Led Zepplin", "IV" , "November 08 1971", "dummy", "dummy info"  ),
	(5, "Pink Floyd" , "Darkside of the Moon" , "March 01 1973", "dummy", "dummy info"  ),
	(6, "Thin Lizzy" , "Jailbreak ", "March 26 1975", "dummy", "dummy info"  ),
	(7, "Rush" , "2112" , "April 01 1976", "dummy", "dummy info"  ),
	(8, "The Ramones ", "Ramones" ,"April 23 1976", "dummy", "dummy info" ),
	(9, "FleetWood Mac" , "Rumors" , "February 04 1977", "dummy", "dummy info"  ),
	(10, "Joy Division", "Unknown Pleasures", "June 15 1979", "filelr info", "filelr"),
	(11, "The Clash" , "London Calling" , "December 14 1979", "dummy", "dummy info" ),
	(12, "Def Leopard" , "Pyromania"  , "January 20 1983", "dummy", "dummy info" ),
	(13, "U2" , "The Joshua Tree" , "March 09 1987", "dummy", "dummy info" ),
	(14, "Guns N Roses" , "Appetite for Destruction" , "July 21 1987", "dummy", "dummy info" ),
	(15, "R.E.M." , "Out of Time" , "March 12 1991", "dummy", "dummy info" ),
	(16, "Nirvana" , "Nevermind" , "September 24 1991", "dummy", "dummy info" ),
	(17, "Weezer" , "Blue Album" , "May 10 1994", "dummy", "dummy info" ),
	(18, "Green day" ,"Dookie" , "February 01 1994", "dummy", "dummy info" ),
	(19, "Foo Fighters" , "The Colour and the Shape",  "May 20 1997", "dummy", "dummy info" ),
	(20, "Radiohead", "Ok Computer" , "May 21 1997", "dummy", "dummy info" ),
	(21, "Linkin Park" ,"Hybrid Theory" , "October 24 2000", "dummy", "dummy info" ),
	(22, "Arcade Fire" , "Funeral" , "September 14 2004", "dummy", "dummy info" ),
	(23, "My Chemical romance" , "The Black Parade" , "October 24 2006", "dummy", "dummy info" ),
	(24, "The Black Keys" , "El Camino" , "December 06 2011", "dummy", "dummy info" );
	(25, "Imagine Dragons" , "Night Visions" , "September 04 2012", "dummy", "dummy info" ),
    
INSERT INTO POP (position, artist, album, date, info, like_artists)
VALUES
(1,	"Micheal Jackson" , "Thriller" , "November 30 1982" , "filler info", "filler"),
(2,	"Beach Boys" , "All Summer Long" , "July 01 1964" , "filler info" , "filler"),
(3,	"David bowie", "Hunky Dory" , "December 17 1971", "filler info", "filler"),
(4,	"Elton John" , "Honky Chateau" , "May 19 1972" , "filler info",  "filler"),
(5,	"Cyndy Lauper" , "She’s So Unusual" , "October 14 1983" , "filler info", "filler"),
(6,	"Wham!" , "Make it Big" , "November 05 1984" , "filler info", "filler"),
(7,	"Madonna" , "True Blue" , "June 30 1986", "filler info", "filler"),
(8,	"Britney Spears" , "Baby one More Time" , "January 12 1999", "filler info" , "filler"),
(9,	"Back Street Boys" , "Millennium" , "May 18 1999"  , "filler info" , "filler"),
(10, "Beyoncé" , "I Am Sasha Feirce" , "November 14 2008" , "filer info" , "filler"),
(11, "Rihanna" , "Good Girl Gone Bad: Reloaded" , "June 02 2008" , "filler info" , "filler"),
(12, "Whitney Houston" , "Whitney" , "June 02 1987" , "filler info" , "filler"),
(13, "Arianna Grande" , "Thank you Next" , "February 08 2019", "filler info" , "filler"),
(14, "Elvis Costello" , "This Year’s Model" , "March 17 1978" , "filler info" , "filler"),
(15, "Coldplay" , "A rush of Blood to the Head" , "August 26 2002" , "filler info", "filler"),
(16, "Flaming Lips" , "Yoshimi battles the Pink Robots" , "Jully 15 2002" , "filler info", "filler"),
(17, "Kate Bush" , "Hounds of Love" , "September 16 1985" , "filler info" , "filler"),
(18, "Bjork" , "Homogenic" , "September 22 1997" , "filler info" , "filler"),
(19, "Tame Impala" , "Currents" , "July 15 2015" , "filler info" ,  "filler"),
(20, "Lady Gaga" , "The Fame" , "August 19 2008" , "filler info" , "filler"),
(21, "Maroon 5" , "Songs about Jane" , "June 25 2002" , "filler info", "filler"),
(22, "Vampire Weekend" , "Modern Vampires of the City" , "May 14 2013" , "filler info" , "filler"),



INSERT INTO METAL (position, artist, album, date, info, like_artists)
VALUES

(1, "Black Sabbath" , "Paranoid" , "September 18 1970" , "filler info",  "filler"),
(2, "Iron Maiden" , "The Number of the Beast" , "March 1982" , "filler info", "filler"),
(3, "Pantera" , "Cowboys from Hell" , "July 24 1990" , "filler info" , "filler"),
(4, "Judas Priest" , "Painkiller" , "September 03 1990" , "filler info", "filler"),
(5, "Megadeth", "Rust in Peace" , "September 24 1990" , "filler info" , "filler"),
(6, "Metallica" ,"the Black Album" , "August 12 1991" , "filler info" , "filler"),
(7, "Dark Throne" , "A Blaze in the Northern Sky" , "February 26 1992" , "filler info" , "filler"),
(8, "Dream Theater" , "Images and Words" , "July 07 1992", "filler info" , "filler"),
(9, "Emperor" , "In the Nightside Eclipse" , "February 21 1994" , "filler info" , "filler"),
(10, "Death" , "Symbolic" , "March 21 1995" , "filler info" , "filler"),
(11, "Deftones" , "White Pony", "June 20 2000" , "filler info" , "filler"),
(11, "Opeth" , "Black Water Park" , "March 12 2001" ,"filler info" , "filler"),
(12, "Converge" , "Jane Doe" , "September 04 2001" , "filler info" , "filler"),
(13, "At the Gates" , "October 03 1995", "filler info" , "filler"),
(14, "Gojira" , "From Mars to Sirus" , "September 27 2005" , "filler info" , "filler"),
(15, "Mastodon" , "Crack the Skye" , "March 24 2009" , "filler info" , "filler"),
(17, "Tool" , "Lateralus" , "May 15 2001" ,"filler info" , "filler"),
(18, "System of a Down" , "Toxcicity" , "September 04 2001" , "filler info" , "filler"),
(19, "Slipknot" , "Vol 3" , "May 25 2004" , "filler info" , "filler"),
(20, "Lamb of God" , "Ashes of the Wake" , "August 31 2004" ,"filler info", "filler"),
(21, "Avenged Sevenfold" , "Avenged Sevenfold" "Ocotber 30 2007" , "filler info" , "filler"),
(22, "Killswitch Engage" , "As Daylight Dies" , "November 21 2006", "filler info" , "filler" ),
(23, "Five Finger Death Punch" , ),
(24, "Ghost" , "Meloria" , "August 21 2015" , "filler info" , "filler"),



INSERT INTO HIPHOP (position, artist, album, date, info, like_artists)
VALUES

(1, "N.W.A" , "Straight Outta Compton" , "August 08 1988" , "filler info", "filler"),
(2, "Public Enemy" , "Fear of a black Planet" , "April 10 1990" , "filler info", "filler"),
(3, "LL Cool J" , "Mama Said Knock you Out", "September 18 1990" , "filler info" , "filler"),
(4, "A Tribe Called Quest" , "The Low End Theory" , "September 24 1991" , "filler info" , "filler"),
(5, "Wu-Tang Clan" , "Enter the Wu-Tang: 36 Chambers" , "November 09 1993" , "filler info" , "filler"),
(6, "Snoop Dogg" , "Doggystyle" , "November 23 1993" , "filler info" , "filler"),
(7, "Nas" , "Illmatic" , "April 19 1994" , "filer info" , "filler"),
(8, "Biggie Smalls" , "Ready to Die" , "September 13 1994" , "filler info" , "filler"),
(9, "Tupac" ,  "All eyez on Me" , "February 13 1996" , "filler info" , "filler"),
(10, "Jay Z" , "Reasonable Doubt" , "June 25 1996" , "filler info" , "filler"),
(11, "Beastie Boys" , "Licensed to Ill" , "November 15 1996" , "filler info" , "filler"),
(12, "Outkast" , "Stankonia" , "October 31 2000" , "filler info" , "filler"),
(13, "Eminem" , "The Eminem Show" , "May 26 2002" , "filler info" , "filler"),
(14, "Madvillian" , "Madvillaniny" , "March 23 2004" ,"filler info" , "filler"),
(15,"Lil Wayne" , "The Carter III" , "June 10 2008" , "filer info", "Filler" ),
(16, "Kanye West" , "My Beautiful Dark Twister Fantasy" , "November 22 2010" , "filler info" , "filler"),
(17, "Death Grips" , "The Money Store" , "April 24 2012" , "filler info" , "filler"),
(18, "Earl Sweatshirt","Doris", "August 20 2013", "filler info", "filler"),
(19, "Kendrick Lamar" , "To Pimp a Butterfly" , "March 15 2015" , "filler info" , "filler"),
(20, "Travis Scott" , "Rodeo" , "September 04 2015", "filler info", "filler"),
(21, "Drake" , "Views" , "April 29 2016" , "filler info" , "filler"),
(22, "Run the Jewels" , "Run the Jewels 3", "December 24 2016" , "filler info", "filler"),
(23, "Tyler the Creator", "Flower Boy" , "July 21 2017" , "filler info" , "filler"),
(24, "Post Malone" ,"Beerbongs & Bentleys" , "April 27 2018" , "filler info", "filler"),
(25, "Denzell Curry" , "Ta13oo" , "July 27 1018" , "filler info", "filler"),


INSERT INTO ELECTRONIC (position, artist, album, date, info, like_artists)
VALUES

(1,	"Kraftwork", "Computer World", "May 10 1981", "filler info" , "filler"),
(2,	"Depeche Mode", "Violator", "March 19 1990", "filler info", "filler"),
(3,	"Daft Punk", "Discovery", "March 09 2001", "filler info", "filler"),
(4,	"PortishHead", "Dummy", "August 22 1994", "filler info", "Filer"),
(5,	"LCD Soundsystem", "Sound of Silver", "March 12 2007", "filler info", "filler"),
(6,"New Order", "Power, Corruption & Lies", "May 02 1983", "filler info", "filler"),
(7,"Boards of Canada", "Music Has the Right to Children", "April 20 1998", "filler info", "filler"),
(8,"Pet Shop Boys", "Actually", "September 07 1987", "filler info", "filler"),
(9,"Massive Attack", "Mezzanine", "April 20 1998", "filler info" , "filler"),
(10, "The Prodigy", "The Fat of the Land", "June 30 1997", "filler info", "filler" ),
(11, "Junichi Masuda", "Pokemon Red Video Game Soundtrack", "November 01 1997", "filler info", "filelr"),
(12, "Skrillex", "Scary Monsters and Nice Sprites", "October 22 2010", "filelr info", "filler" ),
(13,"Moby", "Play", "May 17 1999", "filler info" "filler"),
(14,"The Knife", "Silent Shout", "February 17 2006", "filelr info", "filler" ),
(15,"DJ Shadow", "Entroducing" , "November 19 1996", "filler info", "filler"),
(16,"Flying Lotus", "Cosmogramma", "May 03 2010", "filler info", "filler"),
(17,"DeadMau5", "4x4=12", "December 06 2010", "filler info", "filler"),
(18,"Avicii", "True", "September 13 2013", "filelr info" , "filelr"),
(19,"Apex Twin", "Selected Ambient Works 85-92", "November 09 1992", "filler info", "filler"),
(20,"Calvin Harris", "18 Months", "October 26 2012", "filelr info", "filler"),
(21,"FKA Twigs" , "LP1 ", "August 06 2014" , "filler info" , "filler"),
(22, "The Avalancess" , "Since I left you", "November 27 2000" , "Filler info" , "filler" ),
(23,"Gorillaz", "Plastic Beach" , "March 03 2010" , "Filler into" , "filler"),
(25, "Billie Eilish", "When We All Fall Asleep, Where Do We Go?", "March 29 2019", "Filler info", "filler" ),



INSERT INTO COUNTRY (position, artist, album, date, info, like_artists)
VALUES

(1, "Kenny Rogers" , "The Gambler" , "November 15 1978" , "filler info" , "filler"),
(2, "Dolly Parton" , "Jolene" , "February 04 1974" , "filler infor" , "filler"),
(3, "Willie Nelson",  "Stardust" , "April 01 1978" , "filler info" , "filler"),
(4, "Bruce Springsteen" ,"Born in the USA" , "June 04  1984" , "filler info" , "filler"),
(5, "Reba McEntire" , "For my Broken Heart" , "October 01 1991" , "filler info" , "filler"),
(6, "Dwight Yoakam" ,"This Time" , "March 23 1993" , "filler info" , "filler" ),
(7, "Garth Brooks" , "No Fences" ," August 27 1990 ", "filler info" , "filler"),
(8, "Keith Urban" , "Ripcord" , "May 06 2016" , "filler info", "filler"),
(9,"Johnny Cash" , "American 4: The Man Comes Around" , "November 05 2002" , "filler info" ," filler"),
(10, "Dixie Chicks" , "Fly" , "June 25 2002" , "filler info" , "filler"),
(11, "16 HorsePower" , "SackCloth and Ashes" , "February 06 1996" , "filler info", "filler"),
(12, "Rascal Flatts" , "Me and My Gang" , "April 04 2006" , "filler info", "filler"),
(13," ZZ Top" , "Eliminator ", "March 23 1983" , "filler info" , "filler"),
(14, "Allman Brothers" , "Brothers and Sisters" , "August 1973" , "filler info" , "filler"),
(15, "Faith Hill" , "Breathe" , "November 09 1999" , "filler info" , "filler"),
(16, "Wilco" , "Being There" , "October 29 1996" , "filler info" , "filler" ),
(17, "Carrie Underwood" , "Some Hearts" , "November 15 2005" , "filler info" , "filler") ,
(19, "Taylor Swift" , "Red" , "October 22 2012" , "filler info", "filler"),
(20, "Shania Twain" , "Come on Over" , "November 04 1997" , "filler info", "filler"),
(21, "Florida Georga Line" , "Dig Your Roots" , "August 26 2016" , "filler info" , "filler"),
(22, "Ryan Adams" , "HeartBreaker" , "September 05 2000" , "filler info" , "filler"),
(23, "Bob Dylan" , "Desire" , "January 05 1976" , "filler info" , "filler"),
(24, "Neil Young" ," After the Gold Rush ", "September 19 1970" , "filler info", "filler"),



INSERT INTO BLUESSOUL (position, artist, album, date, info, like_artists)
VALUES

(1, "Miles Davis" , "Kind of Blue" , "August 17 1959" , "filler info", "filler"),
(2, "John Coltrane" , "A Love Supreme" , "February 1965" , "filler info" , "filler"),
(3, "Marvin Gaye" , "What’s Going On" , "May 21 1971" , "filler info" , "filler"),
(4, "Frank Ocean" , "Blonde" , "August 20 2016" , "filler info" , "filler"),
(5, "Stevie Wonder" , "Songs in the Key of Life" ," September 28 1976" , "filler info" , "filler"),
(6, "Sly and the Family Stone" , "Stand!" , "May 03 1969" , "filler info" , "filler" ),
(7, "Earth Wind and Fire" , "I Am" , "June 09 1979" , "filler info" , "filler"),
(8, "Aretha Franklin", "I Never Loved a Man the Way I Love You" , "March 10 1967" , "filler info" , "filler"),
(9, "Muddy Waters" , "The Real Folk Blues" ,  "January 1966" , "filler info", "filler"),
(10, "Tom waits" , "Rain Dogs" , "September 30 1985" , "filler info", "filler"),
(11, "Jimi Hendrix" , "Electric Ladyland" , "October 25 1968" , "filler info" , "filler"),
(12, "Prince" , "Purple Rain" , "June 25 1984" , "filler info" , "filer"),
(13, "BB King" , "Indianola Mississippi Seeds" , "October 1970" , "filler info", "filler"),
(14, "Rick James" , "Street Songs" , "April 7 1981" , "filler info" , "filler"),
(15, "Boyz II Men" , "II" , "August 30 1994" ," filler info", "filler "),
(16, "Mariah Cary" , "Daydream" , "October 03 1995" , "filler info" , "filler"),
(17, "Usher" , "Confessions" , "March 23 2004" , "filler info" , "filler"),
(18, "The Weeknd" , "Beauty Behind the Madness" , "August 28 2015" , "filler info" , "filler"),
(19, "James Brown" , "The Payback" , "December 1973" , "filler info" ," filler"),
(20, "Gladys Knight & The Pips" , "Imagination" , "October 09 1973" , "filler info" , "filler"),
(21, "TLC" , "CrazySexyCool" , "November 15 1994" , "filler info" , "filler"),
(22, "Alicia Keys" , "The Diary of Alicia Keys" , "December 02 2003" , "filler info" , "filler"),
(23, "Mary J. Blige" , "My Life" , "November 29 1994" , "filler info" , "filler"),
(24, "Janelle Monae" , "The ArchAndroid" , "May 18 2010" , "filler info" , "filler"),


